model,env,locale,strategy,avg_reward,pass_k1,pass_k2,pass_k3,pass_k4,status
Gemma-4-26B-A4B-it,retail,zh-TW,tool-calling,0.46956521739130436,0.46956521739130436,0.32463768115942027,0.24565217391304348,0.19130434782608696,ok
Gemma-4-26B-A4B-it,retail,en,tool-calling,0.6608695652173913,0.6608695652173913,0.5507246376811593,0.49130434782608695,0.45217391304347826,ok
Gemma-4-26B-A4B-it,airline,zh-TW,tool-calling,0.395,0.395,0.2833333333333333,0.24,0.22,ok
Gemma-4-26B-A4B-it,airline,en,tool-calling,0.475,0.475,0.37,0.305,0.26,ok
